1,examples/gridphysics/angelsdemons.txt
2,examples/gridphysics/assemblyline.txt
3,examples/gridphysics/avoidgeorge.txt
5,examples/gridphysics/beltmanager.txt
6,examples/gridphysics/blacksmoke.txt
7,examples/gridphysics/boloadventures.txt
8,examples/gridphysics/bomber.txt
9,examples/gridphysics/bomberman.txt
10,examples/gridphysics/boulderchase.txt
11,examples/gridphysics/boulderdash.txt
12,examples/gridphysics/brainman.txt
14,examples/gridphysics/cakybaky.txt
16,examples/gridphysics/catapults.txt
17,examples/gridphysics/chainreaction.txt
19,examples/gridphysics/chipschallenge.txt
21,examples/gridphysics/clusters.txt
22,examples/gridphysics/colourescape.txt
23,examples/gridphysics/cookmepasta.txt
24,examples/gridphysics/cops.txt
26,examples/gridphysics/defem.txt
27,examples/gridphysics/defender.txt
28,examples/gridphysics/deflection.txt
30,examples/gridphysics/donkeykong.txt
31,examples/gridphysics/doorkoban.txt
32,examples/gridphysics/dungeon.txt
33,examples/gridphysics/eggomania.txt
34,examples/gridphysics/eighthpassenger.txt
35,examples/gridphysics/enemycitadel.txt
37,examples/gridphysics/factorymanager.txt
38,examples/gridphysics/firecaster.txt
39,examples/gridphysics/fireman.txt
40,examples/gridphysics/firestorms.txt
41,examples/gridphysics/freeway.txt
42,examples/gridphysics/frogs.txt
43,examples/gridphysics/garbagecollector.txt
44,examples/gridphysics/ghostbuster.txt
45,examples/gridphysics/gymkhana.txt
47,examples/gridphysics/iceandfire.txt
48,examples/gridphysics/ikaruga.txt
51,examples/gridphysics/islands.txt
52,examples/gridphysics/jaws.txt
53,examples/gridphysics/killBillVol1.txt
54,examples/gridphysics/labyrinth.txt
55,examples/gridphysics/labyrinthdual.txt
56,examples/gridphysics/lasers.txt
57,examples/gridphysics/lasers2.txt
59,examples/gridphysics/mirrors.txt
62,examples/gridphysics/overload.txt
63,examples/gridphysics/pacman.txt
64,examples/gridphysics/painter.txt
65,examples/gridphysics/plants.txt
67,examples/gridphysics/pokemon.txt
68,examples/gridphysics/portals.txt
69,examples/gridphysics/racebet.txt
70,examples/gridphysics/racebet2.txt
71,examples/gridphysics/realportals.txt
72,examples/gridphysics/realsokoban.txt
73,examples/gridphysics/rivers.txt
74,examples/gridphysics/roadfighter.txt
76,examples/gridphysics/run.txt
78,examples/gridphysics/sheriff.txt
79,examples/gridphysics/shipwreck.txt
80,examples/gridphysics/sokoban.txt
81,examples/gridphysics/solarfox.txt
82,examples/gridphysics/superman.txt
83,examples/gridphysics/surround.txt
85,examples/gridphysics/tercio.txt
86,examples/gridphysics/thecitadel.txt
87,examples/gridphysics/themole.txt
88,examples/gridphysics/theshepherd.txt
89,examples/gridphysics/thesnowman.txt
90,examples/gridphysics/vortex.txt
92,examples/gridphysics/watergame.txt
93,examples/gridphysics/waves.txt
94,examples/gridphysics/whackamole.txt
95,examples/gridphysics/wildgunman.txt
96,examples/gridphysics/witnessprotected.txt
97,examples/gridphysics/witnessprotection.txt
98,examples/gridphysics/wrapsokoban.txt
99,examples/gridphysics/x-racer.txt
100,examples/gridphysics/zelda.txt
101,examples/gridphysics/zenpuzzle.txt