0,examples/gridphysics/digdug.txt
1,examples/gridphysics/lemmings.txt
2,examples/gridphysics/roguelike.txt
3,examples/gridphysics/chopper.txt
4,examples/gridphysics/crossfire.txt
5,examples/gridphysics/chase.txt
6,examples/gridphysics/camelRace.txt
7,examples/gridphysics/escape.txt
8,examples/gridphysics/hungrybirds.txt
9,examples/gridphysics/bait.txt
10,examples/gridphysics/waitforbreakfast.txt
11,examples/gridphysics/survivezombies.txt
12,examples/gridphysics/modality.txt
13,examples/gridphysics/missilecommand.txt
14,examples/gridphysics/plaqueattack.txt
15,examples/gridphysics/seaquest.txt
16,examples/gridphysics/infection.txt
17,examples/gridphysics/aliens.txt
18,examples/gridphysics/butterflies.txt
19,examples/gridphysics/intersection.txt
