42,examples/gridphysics/frogs.txt
68,examples/gridphysics/portals.txt
15,examples/gridphysics/camelRace.txt
40,examples/gridphysics/firestorms.txt
54,examples/gridphysics/labyrinth.txt
36,examples/gridphysics/escape.txt
61,examples/gridphysics/modality.txt
25,examples/gridphysics/crossfire.txt
56,examples/gridphysics/lasers.txt
57,examples/gridphysics/lasers2.txt
91,examples/gridphysics/waitforbreakfast.txt
46,examples/gridphysics/hungrybirds.txt
70,examples/gridphysics/racebet2.txt
6,examples/gridphysics/blacksmoke.txt
45,examples/gridphysics/gymkhana.txt
85,examples/gridphysics/tercio.txt
5,examples/gridphysics/beltmanager.txt
67,examples/gridphysics/pokemon.txt
74,examples/gridphysics/roadfighter.txt
96,examples/gridphysics/witnessprotected.txt
99,examples/gridphysics/x-racer.txt
