7,examples/gridphysics/boloadventures.txt
100,examples/gridphysics/zelda.txt
84,examples/gridphysics/survivezombies.txt
29,examples/gridphysics/digdug.txt
38,examples/gridphysics/firecaster.txt
40,examples/gridphysics/firestorms.txt
33,examples/gridphysics/eggomania.txt
62,examples/gridphysics/overload.txt
63,examples/gridphysics/pacman.txt
52,examples/gridphysics/jaws.txt
75,examples/gridphysics/roguelike.txt
10,examples/gridphysics/boulderchase.txt
11,examples/gridphysics/boulderdash.txt
19,examples/gridphysics/chipschallenge.txt
64,examples/gridphysics/painter.txt
71,examples/gridphysics/realportals.txt
81,examples/gridphysics/solarfox.txt
27,examples/gridphysics/defender.txt
20,examples/gridphysics/chopper.txt
56,examples/gridphysics/lasers.txt
57,examples/gridphysics/lasers2.txt
6,examples/gridphysics/blacksmoke.txt
46,examples/gridphysics/hungrybirds.txt
50,examples/gridphysics/intersection.txt
45,examples/gridphysics/gymkhana.txt
47,examples/gridphysics/iceandfire.txt
87,examples/gridphysics/themole.txt
88,examples/gridphysics/theshepherd.txt
53,examples/gridphysics/killBillVol1.txt
