0,examples/gridphysics/aliens.txt
1,examples/gridphysics/angelsdemons.txt
2,examples/gridphysics/assemblyline.txt
3,examples/gridphysics/avoidgeorge.txt
8,examples/gridphysics/bomber.txt
9,examples/gridphysics/bomberman.txt
10,examples/gridphysics/boulderchase.txt
11,examples/gridphysics/boulderdash.txt
14,examples/gridphysics/cakybaky.txt
15,examples/gridphysics/camelRace.txt
17,examples/gridphysics/chainreaction.txt
18,examples/gridphysics/chase.txt
20,examples/gridphysics/chopper.txt
21,examples/gridphysics/clusters.txt
22,examples/gridphysics/colourescape.txt
24,examples/gridphysics/cops.txt
25,examples/gridphysics/crossfire.txt
26,examples/gridphysics/defem.txt
27,examples/gridphysics/defender.txt
28,examples/gridphysics/deflection.txt
29,examples/gridphysics/digdug.txt
30,examples/gridphysics/donkeykong.txt
32,examples/gridphysics/dungeon.txt
33,examples/gridphysics/eggomania.txt
34,examples/gridphysics/eighthpassenger.txt
35,examples/gridphysics/enemycitadel.txt
39,examples/gridphysics/fireman.txt
41,examples/gridphysics/freeway.txt
44,examples/gridphysics/ghostbuster.txt
48,examples/gridphysics/ikaruga.txt
49,examples/gridphysics/infection.txt
51,examples/gridphysics/islands.txt
52,examples/gridphysics/jaws.txt
53,examples/gridphysics/killBillVol1.txt
55,examples/gridphysics/labyrinthdual.txt
60,examples/gridphysics/missilecommand.txt
62,examples/gridphysics/overload.txt
63,examples/gridphysics/pacman.txt
65,examples/gridphysics/plants.txt
66,examples/gridphysics/plaqueattack.txt
67,examples/gridphysics/pokemon.txt
69,examples/gridphysics/racebet.txt
73,examples/gridphysics/rivers.txt
75,examples/gridphysics/roguelike.txt
76,examples/gridphysics/run.txt
77,examples/gridphysics/seaquest.txt
78,examples/gridphysics/sheriff.txt
79,examples/gridphysics/shipwreck.txt
81,examples/gridphysics/solarfox.txt
82,examples/gridphysics/superman.txt
83,examples/gridphysics/surround.txt
84,examples/gridphysics/survivezombies.txt
87,examples/gridphysics/themole.txt
89,examples/gridphysics/thesnowman.txt
92,examples/gridphysics/watergame.txt
93,examples/gridphysics/waves.txt
94,examples/gridphysics/whackamole.txt
95,examples/gridphysics/wildgunman.txt
96,examples/gridphysics/witnessprotected.txt
97,examples/gridphysics/witnessprotection.txt
100,examples/gridphysics/zelda.txt
