11,examples/gridphysics/boulderdash.txt
77,examples/gridphysics/seaquest.txt
63,examples/gridphysics/pacman.txt
15,examples/gridphysics/camelRace.txt
75,examples/gridphysics/roguelike.txt
66,examples/gridphysics/plaqueattack.txt
10,examples/gridphysics/boulderchase.txt
52,examples/gridphysics/jaws.txt
20,examples/gridphysics/chopper.txt
82,examples/gridphysics/superman.txt
78,examples/gridphysics/sheriff.txt
14,examples/gridphysics/cakybaky.txt
67,examples/gridphysics/pokemon.txt
48,examples/gridphysics/ikaruga.txt
53,examples/gridphysics/killBillVol1.txt
44,examples/gridphysics/ghostbuster.txt
95,examples/gridphysics/wildgunman.txt
88,examples/gridphysics/theshepherd.txt
96,examples/gridphysics/witnessprotected.txt
