19,examples/gridphysics/chipschallenge.txt
12,examples/gridphysics/brainman.txt
7,examples/gridphysics/boloadventures.txt
54,examples/gridphysics/labyrinth.txt
36,examples/gridphysics/escape.txt
4,examples/gridphysics/bait.txt
38,examples/gridphysics/firecaster.txt
40,examples/gridphysics/firestorms.txt
16,examples/gridphysics/catapults.txt
80,examples/gridphysics/sokoban.txt
68,examples/gridphysics/portals.txt
42,examples/gridphysics/frogs.txt
46,examples/gridphysics/hungrybirds.txt
56,examples/gridphysics/lasers.txt
57,examples/gridphysics/lasers2.txt
101,examples/gridphysics/zenpuzzle.txt
86,examples/gridphysics/thecitadel.txt
71,examples/gridphysics/realportals.txt
72,examples/gridphysics/realsokoban.txt
64,examples/gridphysics/painter.txt
61,examples/gridphysics/modality.txt
47,examples/gridphysics/iceandfire.txt
6,examples/gridphysics/blacksmoke.txt
50,examples/gridphysics/intersection.txt
70,examples/gridphysics/racebet2.txt
37,examples/gridphysics/factorymanager.txt
23,examples/gridphysics/cookmepasta.txt
31,examples/gridphysics/doorkoban.txt
43,examples/gridphysics/garbagecollector.txt
59,examples/gridphysics/mirrors.txt
74,examples/gridphysics/roadfighter.txt
98,examples/gridphysics/wrapsokoban.txt
90,examples/gridphysics/vortex.txt
99,examples/gridphysics/x-racer.txt
85,examples/gridphysics/tercio.txt
45,examples/gridphysics/gymkhana.txt
5,examples/gridphysics/beltmanager.txt
